2026-03-09_18-31-03,0,draft.go:2026-03-09_18-31-03
2026-03-09_18-31-03,0,draft.go:2026-03-09_18-31-03
2026-03-09_18-31-06,0,draft.go:2026-03-09_18-31-06
2026-03-09_18-31-12,0,draft.go:2026-03-09_18-31-06
2026-03-09_18-31-35,0,draft.go:2026-03-09_18-31-06
2026-03-09_18-32-17,0,draft.go:2026-03-09_18-32-17
2026-03-12_18-26-44,0,draft.go:2026-03-09_18-32-17
2026-03-12_18-27-00,0,draft.go:2026-03-09_18-32-17
2026-03-12_18-27-04,0,draft.go:2026-03-09_18-32-17
2026-03-12_18-27-28,---,draft.go:2026-03-09_18-32-17
