2026-03-24_17-18-08,---,draft.go:2026-03-24_17-18-08
2026-03-24_17-24-34,0,draft.go:2026-03-24_17-24-34
2026-03-24_17-25-12,0,draft.go:2026-03-24_17-25-12
2026-03-24_17-25-38,0,draft.go:2026-03-24_17-25-38
2026-03-24_17-27-56,0,draft.go:2026-03-24_17-27-56
2026-03-24_17-28-14,0,draft.go:2026-03-24_17-28-14
2026-03-24_17-32-03,0,draft.go:2026-03-24_17-28-14
2026-03-25_17-22-02,---,draft.go:2026-03-24_17-28-14
2026-03-25_17-29-54,0,draft.go:2026-03-25_17-29-54
2026-03-25_17-31-58,100,draft.go:2026-03-25_17-31-58
