2026-03-24_16-41-48,---,draft.go:2026-03-24_16-41-48
2026-03-24_16-42-28,---,draft.go:2026-03-24_16-41-48
2026-03-24_16-42-37,---,draft.go:2026-03-24_16-41-48
2026-03-24_16-43-35,---,draft.go:2026-03-24_16-41-48
2026-03-24_16-58-34,0,draft.go:2026-03-24_16-58-34
2026-03-24_17-00-02,0,draft.go:2026-03-24_17-00-02
2026-03-24_17-01-43,0,draft.go:2026-03-24_17-01-43
2026-03-24_17-02-22,0,draft.go:2026-03-24_17-02-22
2026-03-24_17-06-57,0,draft.go:2026-03-24_17-06-57
2026-03-24_17-17-31,100,draft.go:2026-03-24_17-17-31
